Job Title,Company Name,Location,jobPostRedirectUrl,skills List
Sustainability Data Scientist,Tricon Energy,"Houston, TX (Hybrid)",https://www.linkedin.com//jobs/view/3760414018/?eBP=CwEAAAGMHu62_MHKvCwF6BsgCgbPz3Frg2EMnDUZAWhuSxOsQsKTKjZylHOZri3OIm29OLi4udXUda22LsEWDw3THhGOErBnhOEucOUJEQRMW08FV23AY_URpM9C7CLo5HHxSG7XBn4VrIw9ci5KmdHNgxaAqLs9v7Y_31AE892O2GkbW2ZjkiVikIuitsDNinK98U4wpD7J5ndiK8-0LIomPZvTnRaxbia9KiZs1UDfTAdxiLToTSjHhXPGxvw9FXdKxV5vlelfOIXONehilqXQm1DQcJvfDQCfKimAt-Q6v9m0HHxBbI2d4sqEVUVgtxeXKqhEaSQGy27saNRSt-KqPWHcY3yHsWqEUpN-8bpN1AWuuQsrt-tn4_FbJZOCA5hv_3SzDcHoWQ&refId=yRuaQO%2B1wbNQo8g5pfTNgg%3D%3D&trackingId=pERUhFFcDLH7h5F5uFvJsA%3D%3D&trk=flagship3_search_srp_jobs,"['', 'DataScience', 'Python(ProgrammingLanguage)', 'AnalyticalSkills', 'DataModeling', 'MicrosoftAzure', 'ProblemSolving', 'ProjectManagement', 'ResearchSkills', 'SharePoint', 'SustainabilityData', '']"
Data Scientist,HCLTech,United States (Remote),https://www.linkedin.com//jobs/view/3775635396/?eBP=NOT_ELIGIBLE_FOR_CHARGING&refId=yRuaQO%2B1wbNQo8g5pfTNgg%3D%3D&trackingId=d5RsnIetTj8JQ7osgB1pHg%3D%3D&trk=flagship3_search_srp_jobs,"['', 'ComputerEngineering', 'ComputerScience', 'DataScience', 'Troubleshooting', 'AnalyticalSkills', 'CollaborationTools', 'Communication', 'Extract', 'Transform', 'Load(ETL)', 'OralCommunication', 'ProblemSolving', '']"
Data Scientist (L5) - Member Product,Netflix,United States (Remote),https://www.linkedin.com//jobs/view/3774920311/?eBP=NOT_ELIGIBLE_FOR_CHARGING&refId=yRuaQO%2B1wbNQo8g5pfTNgg%3D%3D&trackingId=PdSHW4RqlkIMjHK%2Bt8%2BVpw%3D%3D&trk=flagship3_search_srp_jobs,"['', 'DataScience', 'DataVisualization', 'SQL', 'Communication', 'Mathematics', 'PredictiveAnalytics', 'ProblemSolving', 'R(ProgrammingLanguage)', 'StatisticalDataAnalysis', 'StatisticalProgramming', '']"
"Business Data Scientist, Early Career (2024)",Figma,"San Francisco, CA (Hybrid)",https://www.linkedin.com//jobs/view/3762683180/?eBP=NOT_ELIGIBLE_FOR_CHARGING&refId=yRuaQO%2B1wbNQo8g5pfTNgg%3D%3D&trackingId=wIvPlfST%2FVzZaSbgl%2Fc4kQ%3D%3D&trk=flagship3_search_srp_jobs,"['', 'ComputerScience', 'DataScience', 'Python(ProgrammingLanguage)', 'AnalyticalSkills', 'Communication', 'Compensation', 'Economics', 'EmployeeBenefits', 'KnowledgeAcquisition', 'Teamwork', '']"
Data Scientist,ascena,United States (Remote),https://www.linkedin.com//jobs/view/3675232968/?eBP=NOT_ELIGIBLE_FOR_CHARGING&refId=yRuaQO%2B1wbNQo8g5pfTNgg%3D%3D&trackingId=4L%2FW7555nGfrCUY8XXa5Mw%3D%3D&trk=flagship3_search_srp_jobs,"['', 'ComputerScience', 'DataAnalytics', 'DataScience', 'NaturalLanguageProcessing(NLP)', 'SQL', 'AnalyticProblemSolving', 'AnalyticalSolutions', 'Analytics', 'Communication', 'DataAnalysis', '']"
"Data Scientist I, Revenue",Tinder,"West Hollywood, CA (Hybrid)",https://www.linkedin.com//jobs/view/3757776367/?eBP=NOT_ELIGIBLE_FOR_CHARGING&refId=yRuaQO%2B1wbNQo8g5pfTNgg%3D%3D&trackingId=nk3axRGhaW66UMlNnVxN%2FQ%3D%3D&trk=flagship3_search_srp_jobs,"['', 'DataAnalytics', 'DataScience', 'ApacheSpark', 'BusinessUnderstanding', 'DataAnalysis', 'Datasets', 'OnlineDating', 'PredictiveAnalytics', 'R(ProgrammingLanguage)', 'Scripting', '']"
"Data Scientist, Machine Learning",GoHealth,"Illinois, United States (Hybrid)",https://www.linkedin.com//jobs/view/3712631961/?eBP=NOT_ELIGIBLE_FOR_CHARGING&refId=yRuaQO%2B1wbNQo8g5pfTNgg%3D%3D&trackingId=TC%2Bw5r5u86YYWrvraBcYog%3D%3D&trk=flagship3_search_srp_jobs,"['', 'DataEngineering', 'DataScience', 'DeepLearning', 'NaturalLanguageProcessing(NLP)', 'SQL', 'ClusterAnalysis', 'GoogleCloudPlatform(GCP)', 'MLOps', 'PredictiveAnalytics', 'StatisticalDataAnalysis', '']"
"Data Scientist, Product",Figma,"San Francisco, CA",https://www.linkedin.com//jobs/view/3774909326/?eBP=NOT_ELIGIBLE_FOR_CHARGING&refId=6vRnN16jDdOu%2BHSOcXdzCg%3D%3D&trackingId=HdzZ5Hl8evtPxamG4tu%2F0A%3D%3D&trk=flagship3_search_srp_jobs,"['', 'DataScience', 'Python(ProgrammingLanguage)', 'CausalInference', 'CreativeProblemSolving', 'ExperimentalDesign', 'PredictiveAnalytics', 'ProblemSolving', 'R(ProgrammingLanguage)', 'Scripting', 'StatisticalModeling', '']"
Remote Data Scientist/Analyst (Entry/Junior Level),SynergisticIT,"Huntington Beach, CA (Remote)",https://www.linkedin.com//jobs/view/3767594211/?eBP=NOT_ELIGIBLE_FOR_CHARGING&refId=6vRnN16jDdOu%2BHSOcXdzCg%3D%3D&trackingId=%2Ff4JQE2VeyU%2B6hkcUtGnzQ%3D%3D&trk=flagship3_search_srp_jobs,"['', 'ComputerScience', 'CoreJava', 'DataAnalytics', 'DataScience', 'DataVisualization', 'Java', 'Programming', 'ProgrammingLanguages', 'SoftwareDevelopment', 'Stack', '']"
Junior Programmer/Data Scientist/Analyst/Engineer,SynergisticIT,"Irvine, CA (Remote)",https://www.linkedin.com//jobs/view/3772695925/?eBP=NOT_ELIGIBLE_FOR_CHARGING&refId=6vRnN16jDdOu%2BHSOcXdzCg%3D%3D&trackingId=EFG0e5EndMMN0fck1pA5EA%3D%3D&trk=flagship3_search_srp_jobs,"['', 'C++', 'CoreJava', 'DataMining', 'Java', 'JavaScript', 'Python(ProgrammingLanguage)', 'RESTAPIs', 'SpringBoot', 'Communication', 'TensorFlow', '']"
Entry Level Python Programmer/Data scientist/Analyst (Remote),SynergisticIT,"Chicago, IL (Remote)",https://www.linkedin.com//jobs/view/3767594152/?eBP=NOT_ELIGIBLE_FOR_CHARGING&refId=6vRnN16jDdOu%2BHSOcXdzCg%3D%3D&trackingId=uint6kI4xU1KmvatM2%2FCgA%3D%3D&trk=flagship3_search_srp_jobs,"['', 'ComputerScience', 'DataScience', 'Java', 'Microservices', 'Programming', 'ProgrammingLanguages', 'RESTAPIs', 'SoftwareDevelopment', 'Cracking', 'Shortlisting', '']"
Entry Level Python Programmer/Data scientist/Analyst,SynergisticIT,"San Diego, CA",https://www.linkedin.com//jobs/view/3767593284/?eBP=NOT_ELIGIBLE_FOR_CHARGING&refId=6vRnN16jDdOu%2BHSOcXdzCg%3D%3D&trackingId=OA1nvEArYK50fONgyiHlqg%3D%3D&trk=flagship3_search_srp_jobs,"['', 'ComputerScience', 'DataScience', 'Java', 'Microservices', 'Programming', 'ProgrammingLanguages', 'RESTAPIs', 'SoftwareDevelopment', 'Cracking', 'Shortlisting', '']"
Entry Level Programmer/Coder/Developer/Data Scientist/Analyst/Engineer,SynergisticIT,"San Jose, CA",https://www.linkedin.com//jobs/view/3767588795/?eBP=NOT_ELIGIBLE_FOR_CHARGING&refId=6vRnN16jDdOu%2BHSOcXdzCg%3D%3D&trackingId=PrGr4iTYuhjk%2BxA7YdAs5g%3D%3D&trk=flagship3_search_srp_jobs,"['', 'ComputerScience', 'DataAnalytics', 'Programming', 'ProgrammingLanguages', 'RESTAPIs', 'SoftwareDevelopment', 'Analytics', 'Communication', 'Cracking', 'Shortlisting', '']"
Entry Level Programmer/Coder/Developer/Data Scientist/Analyst/Engineer,SynergisticIT,"San Jose, CA",https://www.linkedin.com//jobs/view/3767594296/?eBP=NOT_ELIGIBLE_FOR_CHARGING&refId=6vRnN16jDdOu%2BHSOcXdzCg%3D%3D&trackingId=8ijnsQSwmvtbX9yYXXMu7A%3D%3D&trk=flagship3_search_srp_jobs,"['', 'ComputerScience', 'DataAnalytics', 'DataScience', 'Programming', 'ProgrammingLanguages', 'SoftwareDevelopment', 'Analytics', 'Communication', 'Cracking', 'Shortlisting', '']"
Data Scientist,CVS Health,"New York, NY (On-site)",https://www.linkedin.com//jobs/view/3763336632/?eBP=NOT_ELIGIBLE_FOR_CHARGING&refId=P3ykerYXpctNKgpC0LkN%2Fg%3D%3D&trackingId=mVc9Q%2FI4yQ7gucyQvVi50g%3D%3D&trk=flagship3_search_srp_jobs,"['', 'DataAnalytics', 'DataScience', 'NaturalLanguageProcessing(NLP)', 'AnalyticalSkills', 'Analytics', 'DataAnalysis', 'DataStorytelling', 'GoogleCloudPlatform(GCP)', 'PredictiveModeling', 'Statistics', '']"
Data Scientist,HustleWing - Side hustles for professionals,United States (Remote),https://www.linkedin.com//jobs/view/3775633946/?eBP=NOT_ELIGIBLE_FOR_CHARGING&refId=P3ykerYXpctNKgpC0LkN%2Fg%3D%3D&trackingId=loe4IlrDM5Cihr9curtqqg%3D%3D&trk=flagship3_search_srp_jobs,"['', 'DataScience', 'Python(ProgrammingLanguage)', 'SQL', 'AttentiontoDetail', 'DataAnalysis', 'MicrosoftOfficeDelve', 'PassionateaboutWork', 'ProblemSolving', 'R(ProgrammingLanguage)', 'TechSavy', '']"
Data Scientist,Experfy,"Boston, MA (Remote)",https://www.linkedin.com//jobs/view/3761307332/?eBP=NOT_ELIGIBLE_FOR_CHARGING&refId=P3ykerYXpctNKgpC0LkN%2Fg%3D%3D&trackingId=MuT7vLRdt6lhSK8UIqQbtA%3D%3D&trk=flagship3_search_srp_jobs,"['', 'DataAnalytics', 'DataEngineering', 'DataScience', 'DataVisualization', 'DeepLearning', 'NaturalLanguageProcessing(NLP)', 'Prediction', 'PredictiveAnalytics', 'StatisticalDataAnalysis', 'Statistics', '']"
Remote Data Scientist/Analyst (Entry/Junior Level),SynergisticIT,"Waco, TX (Remote)",https://www.linkedin.com//jobs/view/3767596086/?eBP=NOT_ELIGIBLE_FOR_CHARGING&refId=P3ykerYXpctNKgpC0LkN%2Fg%3D%3D&trackingId=5y9a794fVhoVbtTdbHlVwA%3D%3D&trk=flagship3_search_srp_jobs,"['', 'ComputerScience', 'CoreJava', 'DataAnalytics', 'DataScience', 'DataVisualization', 'Java', 'Programming', 'ProgrammingLanguages', 'SoftwareDevelopment', 'Stack', '']"
Data Scientist I,Trusaic,"California, United States (Remote)",https://www.linkedin.com//jobs/view/3759990120/?eBP=NOT_ELIGIBLE_FOR_CHARGING&refId=P3ykerYXpctNKgpC0LkN%2Fg%3D%3D&trackingId=NMa%2BkojFLqAYPsApBXDzEQ%3D%3D&trk=flagship3_search_srp_jobs,"['', 'VersionControl', 'Biostatistics', 'Compensation', 'ControlSystem', 'Econometrics', 'HypothesisTesting', 'LogisticRegression', 'Probability', 'R(ProgrammingLanguage)', 'Statistics', '']"
Entry Level Python Programmer/Data scientist/Analyst,SynergisticIT,"Chicago, IL",https://www.linkedin.com//jobs/view/3767595155/?eBP=NOT_ELIGIBLE_FOR_CHARGING&refId=P3ykerYXpctNKgpC0LkN%2Fg%3D%3D&trackingId=bc08nRBwBBosmr%2FmiY3fOw%3D%3D&trk=flagship3_search_srp_jobs,"['', 'ComputerScience', 'DataScience', 'Java', 'Microservices', 'Programming', 'ProgrammingLanguages', 'RESTAPIs', 'SoftwareDevelopment', 'Cracking', 'Shortlisting', '']"
Entry Level Python Programmer/Data scientist/Analyst (Remote),SynergisticIT,"Portland, OR (Remote)",https://www.linkedin.com//jobs/view/3767592268/?eBP=NOT_ELIGIBLE_FOR_CHARGING&refId=P3ykerYXpctNKgpC0LkN%2Fg%3D%3D&trackingId=9nzYDDkQ0J%2FfWHl3qPgPng%3D%3D&trk=flagship3_search_srp_jobs,"['', 'ComputerScience', 'DataScience', 'Java', 'Microservices', 'Programming', 'ProgrammingLanguages', 'RESTAPIs', 'SoftwareDevelopment', 'Cracking', 'Shortlisting', '']"
Data Scientist I,Lighthouse,United States (Remote),https://www.linkedin.com//jobs/view/3774917771/?eBP=NOT_ELIGIBLE_FOR_CHARGING&refId=FeZi77SrfoVguJppXGAfiw%3D%3D&trackingId=XzJSvbCGPKixQzpR3naqmA%3D%3D&trk=flagship3_search_srp_jobs,"['', 'ComputerScience', 'DataScience', 'DataVisualization', 'PatternRecognition', 'PostgreSQL', 'DatabaseSystems', 'ExploratoryDataAnalysis', 'PredictiveModeling', 'StatisticalAnalysis', 'Statistics', '']"
Data Scientist,Hire Innovative,United States (Remote),https://www.linkedin.com//jobs/view/3741419633/?eBP=NOT_ELIGIBLE_FOR_CHARGING&refId=FeZi77SrfoVguJppXGAfiw%3D%3D&trackingId=9S9%2BtxIDbGa8iqwxedJTIw%3D%3D&trk=flagship3_search_srp_jobs,"['', 'C++', 'Cassandra', 'DataScience', 'Java', 'Python(ProgrammingLanguage)', 'SQL', 'ClusterAnalysis', 'DataModeling', 'Hadoop', 'PredictiveModeling', '']"
Data Scientist,Tata Consultancy Services,"Chicago, IL (On-site)",https://www.linkedin.com//jobs/view/3769259619/?eBP=NOT_ELIGIBLE_FOR_CHARGING&refId=FeZi77SrfoVguJppXGAfiw%3D%3D&trackingId=4J0Hc12CIqdE99XV4go71g%3D%3D&trk=flagship3_search_srp_jobs,"['', 'DataAnalytics', 'DataScience', 'DataVisualization', 'DeepLearning', 'NaturalLanguageProcessing(NLP)', 'AnalyticalSkills', 'Communication', 'FlowDiagrams', 'PredictiveAnalytics', 'StatisticalDataAnalysis', '']"
Remote Data Scientist/Analyst (Entry/Junior Level),SynergisticIT,"Phoenix, AZ (Remote)",https://www.linkedin.com//jobs/view/3767593469/?eBP=NOT_ELIGIBLE_FOR_CHARGING&refId=FeZi77SrfoVguJppXGAfiw%3D%3D&trackingId=CmAkkZ3dSOxHPVUgTQkmew%3D%3D&trk=flagship3_search_srp_jobs,"['', 'ComputerScience', 'CoreJava', 'DataAnalytics', 'DataScience', 'DataVisualization', 'Java', 'Programming', 'Analytics', 'Cracking', 'Shortlisting', '']"
Data Scientist/Analyst - Junior Level,SynergisticIT,"Atlanta, GA",https://www.linkedin.com//jobs/view/3767592554/?eBP=NOT_ELIGIBLE_FOR_CHARGING&refId=FeZi77SrfoVguJppXGAfiw%3D%3D&trackingId=QudFngH1Pv8tXZlMAK75oQ%3D%3D&trk=flagship3_search_srp_jobs,"['', 'ComputerScience', 'CoreJava', 'DataAnalytics', 'DataScience', 'DataVisualization', 'Java', 'JavaScript', 'PatternRecognition', 'Programming', 'ProgrammingLanguages', '']"
Remote Data Scientist/Analyst (Entry/Junior Level),SynergisticIT,"Louisville, KY (Remote)",https://www.linkedin.com//jobs/view/3767590846/?eBP=NOT_ELIGIBLE_FOR_CHARGING&refId=FeZi77SrfoVguJppXGAfiw%3D%3D&trackingId=AlUYfix4NtAuHlgSdHxwMA%3D%3D&trk=flagship3_search_srp_jobs,"['', 'ComputerScience', 'CoreJava', 'DataAnalytics', 'DataScience', 'DataVisualization', 'Java', 'Programming', 'Analytics', 'Cracking', 'Shortlisting', '']"
Data Scientist,BST Global,"Tampa, FL (Hybrid)",https://www.linkedin.com//jobs/view/3770676645/?eBP=NOT_ELIGIBLE_FOR_CHARGING&refId=FeZi77SrfoVguJppXGAfiw%3D%3D&trackingId=Pk7jIT8XizL15%2BcEN00Paw%3D%3D&trk=flagship3_search_srp_jobs,"['', 'ArtificialIntelligence(AI)', 'DataScience', 'ANOVA', 'AnalyticalSkills', 'Analytics', 'BusinessRequirements', 'DataModeling', 'Keras', 'R(ProgrammingLanguage)', 'TensorFlow', '']"
"Data Scientist, Algorithms",Lyft,"San Francisco, CA",https://www.linkedin.com//jobs/view/3772601944/?eBP=NOT_ELIGIBLE_FOR_CHARGING&refId=kRHKbBsCHLIZ25uJJs4OKw%3D%3D&trackingId=TOdy4HwrRacfmtbPtgEuXw%3D%3D&trk=flagship3_search_srp_jobs,"['', 'ComputerScience', 'DataAnalytics', 'DataScience', 'NaturalLanguageProcessing(NLP)', 'Aggregation', 'DataAnalysis', 'ExploratoryDataAnalysis', 'Mathematics', 'OptimizationModels', 'Visualization', '']"
"Data Scientist, ML Platform",CVS Health,"New York, NY (On-site)",https://www.linkedin.com//jobs/view/3767562239/?eBP=NOT_ELIGIBLE_FOR_CHARGING&refId=kRHKbBsCHLIZ25uJJs4OKw%3D%3D&trackingId=MUcYuhe93lCYj7VqzOfllw%3D%3D&trk=flagship3_search_srp_jobs,"['', 'DataScience', 'Git', 'NaturalLanguageProcessing(NLP)', 'PatternRecognition', 'Python(ProgrammingLanguage)', 'SQL', 'ExperimentalDesign', 'ProblemSolving', 'Scikit-Learn', 'UserRequirements', '']"
Data Scientist,Tata Consultancy Services,"Redmond, WA (On-site)",https://www.linkedin.com//jobs/view/3767424953/?eBP=NOT_ELIGIBLE_FOR_CHARGING&refId=kRHKbBsCHLIZ25uJJs4OKw%3D%3D&trackingId=yrN5uQ9J%2FhkagN%2Fo9ykPQA%3D%3D&trk=flagship3_search_srp_jobs,"['', 'DataAnalytics', 'DataScience', 'SQL', 'AnalyticalSkills', 'Analytics', 'Communication', 'DataAnalysis', 'DataModeling', 'Optimization', 'Presentations', '']"
Junior Data Scientist (Remote),SynergisticIT,"Seattle, WA (Remote)",https://www.linkedin.com//jobs/view/3767595213/?eBP=NOT_ELIGIBLE_FOR_CHARGING&refId=kRHKbBsCHLIZ25uJJs4OKw%3D%3D&trackingId=9CanXwqI%2FTZ3VzcZzhhk3A%3D%3D&trk=flagship3_search_srp_jobs,"['', 'CoreJava', 'DataAnalytics', 'DataScience', 'DataVisualization', 'Java', 'Programming', 'ProgrammingLanguages', 'SoftwareDevelopment', 'SoftwareDevelopmentLifeCycle(SDLC)', 'OralCommunication', '']"
Entry Level/ Junior Level Data Scientist (Remote),SynergisticIT,"Los Angeles, CA (Remote)",https://www.linkedin.com//jobs/view/3767588950/?eBP=NOT_ELIGIBLE_FOR_CHARGING&refId=kRHKbBsCHLIZ25uJJs4OKw%3D%3D&trackingId=135cl4dItqpUeusgSAGlMw%3D%3D&trk=flagship3_search_srp_jobs,"['', 'ComputerScience', 'CoreJava', 'DataAnalytics', 'DataMining', 'DataScience', 'DataVisualization', 'Java', 'Programming', 'ProgrammingLanguages', 'Cracking', '']"
Data Scientist,Hang,"Los Angeles, CA (Remote)",https://www.linkedin.com//jobs/view/3765586602/?eBP=NOT_ELIGIBLE_FOR_CHARGING&refId=kRHKbBsCHLIZ25uJJs4OKw%3D%3D&trackingId=9EB8ULBGbYgOXm4y%2Fc%2FzEA%3D%3D&trk=flagship3_search_srp_jobs,"['', 'ComputerScience', 'DataAnalytics', 'DataMining', 'DataScience', 'DataVisualization', 'AnalyticalSkills', 'Analytics', 'Communication', 'DataCollection', 'ProblemSolving', '']"
Data Scientist,Paragon Alpha - Hedge Fund Talent Business,"New York, United States (Hybrid)",https://www.linkedin.com//jobs/view/3728318824/?eBP=NOT_ELIGIBLE_FOR_CHARGING&refId=kRHKbBsCHLIZ25uJJs4OKw%3D%3D&trackingId=qR7A5uUcW2nS5tt4pVkfEQ%3D%3D&trk=flagship3_search_srp_jobs,"['', 'C++', 'Cassandra', 'ComputerScience', 'DataScience', 'Java', 'Python(ProgrammingLanguage)', 'SQL', 'DataModeling', 'Hadoop', 'PredictiveModeling', '']"
"Data Scientist, Marketing",Asana,"San Francisco, CA (Hybrid)",https://www.linkedin.com//jobs/view/3762565783/?eBP=NOT_ELIGIBLE_FOR_CHARGING&refId=A43SyjO1%2Bgh1oc1GNOGAqg%3D%3D&trackingId=6fDyDt0PuWT8lLSK8jcr7w%3D%3D&trk=flagship3_search_srp_jobs,"['', 'DataScience', 'Scala', 'Airflow', 'CausalInference', 'DataModeling', 'DataStorytelling', 'Decision-Making', 'ExperimentalDesign', 'Observational', 'RelationalDataModeling', '']"
Entry Level Data Scientist (Remote),SynergisticIT,"Orlando, FL (Remote)",https://www.linkedin.com//jobs/view/3767592690/?eBP=NOT_ELIGIBLE_FOR_CHARGING&refId=A43SyjO1%2Bgh1oc1GNOGAqg%3D%3D&trackingId=HS74MzGDeCYTM9DVyCxiTw%3D%3D&trk=flagship3_search_srp_jobs,"['', 'DataAnalytics', 'DataMining', 'DataScience', 'DataVisualization', 'Java', 'Programming', 'ProgrammingLanguages', 'SoftwareDevelopment', 'SoftwareDevelopmentLifeCycle(SDLC)', 'OralCommunication', '']"
Data Scientist - Healthcare Claims,Analytic Recruiting Inc.,United States (Remote),https://www.linkedin.com//jobs/view/3770464382/?eBP=NOT_ELIGIBLE_FOR_CHARGING&refId=A43SyjO1%2Bgh1oc1GNOGAqg%3D%3D&trackingId=olr3TXh3d%2Bmjgm8OS483bw%3D%3D&trk=flagship3_search_srp_jobs,"['', 'DataAnalytics', 'DataScience', 'Python(ProgrammingLanguage)', 'SQL', 'AnalyticalSkills', 'BusinessRequirements', 'Presentations', 'QuantitativeAnalytics', 'Visualization', 'WealthManagementServices', '']"
Entry Level Data Scientist (Remote),SynergisticIT,"Jersey City, NJ (Remote)",https://www.linkedin.com//jobs/view/3767597245/?eBP=NOT_ELIGIBLE_FOR_CHARGING&refId=A43SyjO1%2Bgh1oc1GNOGAqg%3D%3D&trackingId=KBpMwv%2FWsMlkQNrVaGCksA%3D%3D&trk=flagship3_search_srp_jobs,"['', 'DataAnalytics', 'DataMining', 'DataScience', 'DataVisualization', 'Java', 'Programming', 'ProgrammingLanguages', 'SoftwareDevelopment', 'SoftwareDevelopmentLifeCycle(SDLC)', 'OralCommunication', '']"
Remote Data Scientist/Analyst (Entry/Junior Level),SynergisticIT,"Charleston, SC (Remote)",https://www.linkedin.com//jobs/view/3767590886/?eBP=NOT_ELIGIBLE_FOR_CHARGING&refId=A43SyjO1%2Bgh1oc1GNOGAqg%3D%3D&trackingId=Geost22EXz9fWASwVUtUWA%3D%3D&trk=flagship3_search_srp_jobs,"['', 'ComputerScience', 'CoreJava', 'DataAnalytics', 'DataScience', 'DataVisualization', 'Java', 'Programming', 'Analytics', 'Cracking', 'Shortlisting', '']"
Entry/Junior Level Data Scientist/Python Programmer (Remote),SynergisticIT,"Boston, MA (Remote)",https://www.linkedin.com//jobs/view/3767590705/?eBP=NOT_ELIGIBLE_FOR_CHARGING&refId=A43SyjO1%2Bgh1oc1GNOGAqg%3D%3D&trackingId=vJM7mnTEIvjzWNt3tXkHEg%3D%3D&trk=flagship3_search_srp_jobs,"['', 'ComputerScience', 'CoreJava', 'DataAnalytics', 'DataScience', 'DataVisualization', 'Java', 'PatternRecognition', 'Programming', 'Cracking', 'Shortlisting', '']"
(Remote)Entry/Junior Level Data Scientist/Python Programmer,SynergisticIT,"Austin, TX",https://www.linkedin.com//jobs/view/3767595089/?eBP=NOT_ELIGIBLE_FOR_CHARGING&refId=A43SyjO1%2Bgh1oc1GNOGAqg%3D%3D&trackingId=5cPRqdn9Sagvs1eZEPPl3A%3D%3D&trk=flagship3_search_srp_jobs,"['', 'ComputerScience', 'CoreJava', 'DataAnalytics', 'DataScience', 'DataVisualization', 'Java', 'PatternRecognition', 'Programming', 'Cracking', 'Shortlisting', '']"
Data Scientist,Radley James,"Dallas, TX (Hybrid)",https://www.linkedin.com//jobs/view/3770418920/?eBP=NOT_ELIGIBLE_FOR_CHARGING&refId=%2Ff2o%2BAMkimfa8Z6fW5BGHQ%3D%3D&trackingId=Jh5%2BiYq8E3yBOa02YmdPEw%3D%3D&trk=flagship3_search_srp_jobs,"['', 'ComputerScience', 'DataManipulation', 'DataScience', 'Python(ProgrammingLanguage)', 'SQL', 'Linux', 'NumPy', 'Pandas(Software)', 'SciPy', 'Statistics', '']"
Data Scientist,Integra Connect,United States (Remote),https://www.linkedin.com//jobs/view/3744140839/?eBP=NOT_ELIGIBLE_FOR_CHARGING&refId=%2Ff2o%2BAMkimfa8Z6fW5BGHQ%3D%3D&trackingId=tVrFWCJmrjr7HKHkGbEi4Q%3D%3D&trk=flagship3_search_srp_jobs,"['', 'DataMining', 'DeepLearning', 'MachineLearning', 'AnalyticalSkills', 'Oncology', 'Optimization', 'ProblemSolving', 'StatisticalProgramming', 'SurvivalAnalysis', 'ggplot', '']"
Data Scientist,Solomon Page,"New York, NY (Remote)",https://www.linkedin.com//jobs/view/3760307305/?eBP=NOT_ELIGIBLE_FOR_CHARGING&refId=%2Ff2o%2BAMkimfa8Z6fW5BGHQ%3D%3D&trackingId=hxszgBSijdBdovY4Ot0E7Q%3D%3D&trk=flagship3_search_srp_jobs,"['', 'AmazonWebServices(AWS)', 'DataAnalytics', 'PostgreSQL', 'Python(ProgrammingLanguage)', 'SQL', 'SoftwareDevelopment', 'AmazonS3', 'Hadoop', 'Matplotlib', 'XGBoost', '']"
Junior Data Scientist (Remote),SynergisticIT,"Houston, TX (Remote)",https://www.linkedin.com//jobs/view/3767597335/?eBP=NOT_ELIGIBLE_FOR_CHARGING&refId=%2Ff2o%2BAMkimfa8Z6fW5BGHQ%3D%3D&trackingId=n5qUVPSBRtZy9%2B4ydXoAIw%3D%3D&trk=flagship3_search_srp_jobs,"['', 'ComputerScience', 'CoreJava', 'DataAnalytics', 'DataMining', 'DataScience', 'DataVisualization', 'Java', 'Programming', 'ProgrammingLanguages', 'SoftwareDevelopment', '']"
"Data Scientist, Bioinformatics",Tune Therapeutics,"Seattle, WA (Remote)",https://www.linkedin.com//jobs/view/3708968160/?eBP=NOT_ELIGIBLE_FOR_CHARGING&refId=%2Ff2o%2BAMkimfa8Z6fW5BGHQ%3D%3D&trackingId=GCWzIrUTTBrJkppoeoKn7w%3D%3D&trk=flagship3_search_srp_jobs,"['', 'AmazonWebServices(AWS)', 'DockerProducts', 'Git', 'MachineLearning', 'Python(ProgrammingLanguage)', 'Bioinformatics', 'Biotechnology', 'Next-GenerationSequencing(NGS)', 'NumPy', 'Pandas(Software)', '']"
Data Scientist,BlueRose Technologies,"Beverly Hills, CA (Hybrid)",https://www.linkedin.com//jobs/view/3771276064/?eBP=NOT_ELIGIBLE_FOR_CHARGING&refId=%2Ff2o%2BAMkimfa8Z6fW5BGHQ%3D%3D&trackingId=3OupHVgTYZzP366S4%2FZOhw%3D%3D&trk=flagship3_search_srp_jobs,"['', 'DataScience', 'Django', 'MachineLearning', 'MachineLearningAlgorithms', 'Python(ProgrammingLanguage)', 'SQL', 'Analytics', 'Statistics', '']"
"Data Scientist â€“ Recommendation, Content Science",Pocket FM,United States (Remote),https://www.linkedin.com//jobs/view/3761404073/?eBP=NOT_ELIGIBLE_FOR_CHARGING&refId=%2Ff2o%2BAMkimfa8Z6fW5BGHQ%3D%3D&trackingId=araI2%2BXjJpNE69ejJBhLhA%3D%3D&trk=flagship3_search_srp_jobs,"['', 'DataScience', 'DeepLearning', 'MachineLearning', 'Python(ProgrammingLanguage)', 'AnalyticalSkills', 'BigData', 'DataAnalysis', 'PyTorch', 'Scikit-Learn', 'TensorFlow', '']"
Data Scientist,Confluent,United States (Remote),https://www.linkedin.com//jobs/view/3773889315/?eBP=NOT_ELIGIBLE_FOR_CHARGING&refId=AfQ6hUKS377DzbkE2rcY0g%3D%3D&trackingId=Joc7J6NAgaV24bV8hhEBJQ%3D%3D&trk=flagship3_search_srp_jobs,"['', 'Algorithms', 'ComputerScience', 'DataScience', 'MachineLearningAlgorithms', 'PatternRecognition', 'Python(ProgrammingLanguage)', 'SQL', 'Analytics', 'Communication', 'StatisticalModeling', '']"
Data Scientist,Emerson,"Marshalltown, IA (Hybrid)",https://www.linkedin.com//jobs/view/3768441987/?eBP=NOT_ELIGIBLE_FOR_CHARGING&refId=AfQ6hUKS377DzbkE2rcY0g%3D%3D&trackingId=HaPHbq%2FDc42bS2SK9ocBQw%3D%3D&trk=flagship3_search_srp_jobs,"['', 'ArtificialIntelligence(AI)', 'ComputerScience', 'DataAnalytics', 'DataScience', 'MachineLearningAlgorithms', 'DataCleaning', 'DataCollection', 'DataQuality', 'ExploratoryDataAnalysis', 'StatisticalConcepts', '']"
Entry/Junior Level Data Scientist/Python Programmer,SynergisticIT,"San Diego, CA",https://www.linkedin.com//jobs/view/3767596069/?eBP=NOT_ELIGIBLE_FOR_CHARGING&refId=AfQ6hUKS377DzbkE2rcY0g%3D%3D&trackingId=8EQwUcC73lFFONHJyxLjaA%3D%3D&trk=flagship3_search_srp_jobs,"['', 'ComputerScience', 'CoreJava', 'DataAnalytics', 'DataScience', 'DataVisualization', 'Java', 'PatternRecognition', 'Programming', 'Cracking', 'Shortlisting', '']"
Entry/Junior Level Data Scientist/Python Programmer (Remote),SynergisticIT,"Fort Collins, CO (Remote)",https://www.linkedin.com//jobs/view/3767595029/?eBP=NOT_ELIGIBLE_FOR_CHARGING&refId=AfQ6hUKS377DzbkE2rcY0g%3D%3D&trackingId=DesYi79IllWyUaVHy%2F4Z%2Fw%3D%3D&trk=flagship3_search_srp_jobs,"['', 'ComputerScience', 'CoreJava', 'DataAnalytics', 'DataScience', 'DataVisualization', 'Java', 'Programming', 'ProgrammingLanguages', 'SoftwareDevelopmentLifeCycle(SDLC)', 'Stack', '']"
Entry/Junior Level Data Scientist/Python Programmer (Remote),SynergisticIT,"Brownsville, TX (Remote)",https://www.linkedin.com//jobs/view/3767596206/?eBP=NOT_ELIGIBLE_FOR_CHARGING&refId=AfQ6hUKS377DzbkE2rcY0g%3D%3D&trackingId=9UNEVUcxgGdHz6B%2FVsTMCQ%3D%3D&trk=flagship3_search_srp_jobs,"['', 'ComputerScience', 'CoreJava', 'DataAnalytics', 'DataScience', 'DataVisualization', 'Java', 'Programming', 'ProgrammingLanguages', 'SoftwareDevelopmentLifeCycle(SDLC)', 'Stack', '']"
Entry Level Python Programmer/Data scientist/Analyst,SynergisticIT,"Colorado Springs, CO",https://www.linkedin.com//jobs/view/3768000088/?eBP=NOT_ELIGIBLE_FOR_CHARGING&refId=AfQ6hUKS377DzbkE2rcY0g%3D%3D&trackingId=iB%2BD%2Bm4ivWocx7VTfqrQ8Q%3D%3D&trk=flagship3_search_srp_jobs,"['', 'DataAnalytics', 'DataScience', 'Django', 'LinearAlgebra', 'Programming', 'Python(ProgrammingLanguage)', 'SoftwareDevelopment', 'CreativeProblemSolving', 'Mathematics', 'SoftSkills', '']"
Remote Data Scientist/Analyst (Entry/Junior Level),SynergisticIT,"Palm Bay, FL (Remote)",https://www.linkedin.com//jobs/view/3767590881/?eBP=NOT_ELIGIBLE_FOR_CHARGING&refId=AfQ6hUKS377DzbkE2rcY0g%3D%3D&trackingId=YI%2BrMUbAXc8k%2B2ZXCneOYg%3D%3D&trk=flagship3_search_srp_jobs,"['', 'ComputerScience', 'CoreJava', 'DataAnalytics', 'DataScience', 'DataVisualization', 'Java', 'Programming', 'Analytics', 'Cracking', 'Shortlisting', '']"
Entry/Junior Level Data Scientist/Python Programmer,SynergisticIT,"San Diego, CA",https://www.linkedin.com//jobs/view/3767590864/?eBP=NOT_ELIGIBLE_FOR_CHARGING&refId=PvzJ%2BLpUazVjWSUoPsnl8A%3D%3D&trackingId=rBjUUzBii0bIBeRm%2BLidhg%3D%3D&trk=flagship3_search_srp_jobs,"['', 'ComputerScience', 'CoreJava', 'DataAnalytics', 'DataScience', 'DataVisualization', 'Java', 'PatternRecognition', 'Programming', 'Cracking', 'Shortlisting', '']"
Entry/Junior Level Data Scientist/Python Programmer (Remote),SynergisticIT,"Durham, NC (Remote)",https://www.linkedin.com//jobs/view/3767593424/?eBP=NOT_ELIGIBLE_FOR_CHARGING&refId=PvzJ%2BLpUazVjWSUoPsnl8A%3D%3D&trackingId=A9iYhR5RC4fDItmZu%2B6Tcg%3D%3D&trk=flagship3_search_srp_jobs,"['', 'ComputerScience', 'CoreJava', 'DataAnalytics', 'DataScience', 'DataVisualization', 'Java', 'Programming', 'ProgrammingLanguages', 'SoftwareDevelopmentLifeCycle(SDLC)', 'Stack', '']"
Entry/Junior Level Data Scientist/Python Programmer,SynergisticIT,"Austin, TX",https://www.linkedin.com//jobs/view/3767592348/?eBP=NOT_ELIGIBLE_FOR_CHARGING&refId=PvzJ%2BLpUazVjWSUoPsnl8A%3D%3D&trackingId=h5PpOiE5ywerVWelosJgkA%3D%3D&trk=flagship3_search_srp_jobs,"['', 'ComputerScience', 'CoreJava', 'DataAnalytics', 'DataScience', 'DataVisualization', 'Java', 'PatternRecognition', 'Programming', 'Cracking', 'Shortlisting', '']"
Data Scientist Intern,ascena,"Pataskala, OH (On-site)",https://www.linkedin.com//jobs/view/3770714218/?eBP=NOT_ELIGIBLE_FOR_CHARGING&refId=PvzJ%2BLpUazVjWSUoPsnl8A%3D%3D&trackingId=eAuY8a6T9tALGU%2FV2yP%2FeA%3D%3D&trk=flagship3_search_srp_jobs,"['', 'ComputerScience', 'DataScience', 'SQL', 'Analytics', 'BusinessRequirements', 'Communication', 'InformationScience', 'Mathematics', 'R(ProgrammingLanguage)', 'TechnicalRequirements', '']"
Entry/Junior Level Data Scientist,SynergisticIT,"Detroit, MI",https://www.linkedin.com//jobs/view/3767596324/?eBP=NOT_ELIGIBLE_FOR_CHARGING&refId=PvzJ%2BLpUazVjWSUoPsnl8A%3D%3D&trackingId=wZffFXJfdaVioXHzMyQUHQ%3D%3D&trk=flagship3_search_srp_jobs,"['', 'ComputerScience', 'CoreJava', 'DataAnalytics', 'DataScience', 'DataVisualization', 'Java', 'Programming', 'ProgrammingLanguages', 'SoftwareDevelopment', 'Stack', '']"
Data Scientist,HCL Technologies,"Peoria, IL (On-site)",https://www.linkedin.com//jobs/view/3762242381/?eBP=NOT_ELIGIBLE_FOR_CHARGING&refId=PvzJ%2BLpUazVjWSUoPsnl8A%3D%3D&trackingId=RL90wPVGSg7tqf5MhycfaQ%3D%3D&trk=flagship3_search_srp_jobs,"['', 'DataScience', 'MachineLearning', 'PatternRecognition', 'AnalyticalSkills', 'Analytics', 'CollaborationTools', 'DownstreamProcessing', 'KnowledgeAcquisition', 'Prediction', 'Prototyping', '']"
Entry/Junior Level Data Scientist,SynergisticIT,"Jacksonville, FL (On-site)",https://www.linkedin.com//jobs/view/3767597203/?eBP=NOT_ELIGIBLE_FOR_CHARGING&refId=PvzJ%2BLpUazVjWSUoPsnl8A%3D%3D&trackingId=gobvGrevRHWWsfuDv4GZaA%3D%3D&trk=flagship3_search_srp_jobs,"['', 'CoreJava', 'DataAnalytics', 'DataMining', 'DataScience', 'DataVisualization', 'Java', 'Programming', 'ProgrammingLanguages', 'SoftwareDevelopment', 'SoftwareDevelopmentLifeCycle(SDLC)', '']"
Junior Data Scientist (Remote),SynergisticIT,"Chicago, IL (Remote)",https://www.linkedin.com//jobs/view/3767590870/?eBP=NOT_ELIGIBLE_FOR_CHARGING&refId=RIOweMkZLNg98B%2B1MoZpcQ%3D%3D&trackingId=PKuF1rQYax7Mh1ln1IaX%2Bw%3D%3D&trk=flagship3_search_srp_jobs,"['', 'ComputerScience', 'CoreJava', 'DataAnalytics', 'DataMining', 'DataScience', 'DataVisualization', 'Java', 'Programming', 'ProgrammingLanguages', 'Cracking', '']"
"Data Scientist, Finance",Next Insurance,"Palo Alto, CA (Hybrid)",https://www.linkedin.com//jobs/view/3752363937/?eBP=NOT_ELIGIBLE_FOR_CHARGING&refId=RIOweMkZLNg98B%2B1MoZpcQ%3D%3D&trackingId=GdlhO76hKamHbFS29vV%2BPg%3D%3D&trk=flagship3_search_srp_jobs,"['', 'DataScience', 'FrameworkDesign', 'Python(ProgrammingLanguage)', 'SQL', 'AnalyticalSkills', 'Communication', 'DataAnalysis', 'Data-drivenDecisionMaking', 'ExperimentalDesign', 'StatisticalAnalysis', '']"
Data Scientist,"Client Resources, Inc.",United States (Remote),https://www.linkedin.com//jobs/view/3762670467/?eBP=NOT_ELIGIBLE_FOR_CHARGING&refId=RIOweMkZLNg98B%2B1MoZpcQ%3D%3D&trackingId=6CHXhaFaGeKUCzPTlL1PQg%3D%3D&trk=flagship3_search_srp_jobs,"['', 'C++', 'ComputerScience', 'DataScience', 'Java', 'Python(ProgrammingLanguage)', 'SQL', 'DataModeling', 'Hadoop', 'PredictiveModeling', 'QuantitativeAnalytics', '']"
Entry/Junior Level Data Scientist/Python Programmer,SynergisticIT,"Houston, TX (On-site)",https://www.linkedin.com//jobs/view/3767591593/?eBP=NOT_ELIGIBLE_FOR_CHARGING&refId=RIOweMkZLNg98B%2B1MoZpcQ%3D%3D&trackingId=ybQDefKB%2Fjv7i8wVpiiolA%3D%3D&trk=flagship3_search_srp_jobs,"['', 'CoreJava', 'DataAnalytics', 'DataMining', 'DataScience', 'DataVisualization', 'Java', 'Programming', 'ProgrammingLanguages', 'SoftwareDevelopmentLifeCycle(SDLC)', 'OralCommunication', '']"
Entry/Junior Level Data Scientist/Python Programmer,SynergisticIT,"Sandy Springs, GA",https://www.linkedin.com//jobs/view/3767593372/?eBP=NOT_ELIGIBLE_FOR_CHARGING&refId=RIOweMkZLNg98B%2B1MoZpcQ%3D%3D&trackingId=%2B5bsObhntD4TbJwsNBZF2g%3D%3D&trk=flagship3_search_srp_jobs,"['', 'ComputerScience', 'CoreJava', 'DataAnalytics', 'DataScience', 'DataVisualization', 'Java', 'PatternRecognition', 'Programming', 'Cracking', 'Shortlisting', '']"
Entry/Junior Level Data Scientist/Python Programmer,SynergisticIT,"Fresno, CA",https://www.linkedin.com//jobs/view/3767598059/?eBP=NOT_ELIGIBLE_FOR_CHARGING&refId=RIOweMkZLNg98B%2B1MoZpcQ%3D%3D&trackingId=oCGDA4J%2F2q3P5G9KMdFcpQ%3D%3D&trk=flagship3_search_srp_jobs,"['', 'ComputerScience', 'CoreJava', 'DataAnalytics', 'DataScience', 'DataVisualization', 'Java', 'PatternRecognition', 'Programming', 'Cracking', 'Shortlisting', '']"
Entry/Junior Level Data Scientist/Python Programmer,SynergisticIT,"Fresno, CA",https://www.linkedin.com//jobs/view/3767597260/?eBP=NOT_ELIGIBLE_FOR_CHARGING&refId=RIOweMkZLNg98B%2B1MoZpcQ%3D%3D&trackingId=vGhgR5g%2BZYwq6C%2FNMTpGPQ%3D%3D&trk=flagship3_search_srp_jobs,"['', 'ComputerScience', 'CoreJava', 'DataAnalytics', 'DataScience', 'DataVisualization', 'Java', 'PatternRecognition', 'Programming', 'ProgrammingLanguages', 'SoftwareDevelopmentLifeCycle(SDLC)', '']"
